"EMPLOYEE_ID","FIRST_NAME","LAST_NAME","FULL_NAME","SALARY","DEPARTMENT_ID","DEPARTMENT_NAME","LOCATION_ID","CITY","STATE_PROVINCE","COUNTRY_NAME","REGION_NAME"
201,"Michael","Martinez","Michael Martinez",13000,20,"Marketing",1800,"Toronto","Ontario","Canada","Americas"
202,"Pat","Davis","Pat Davis",6000,20,"Marketing",1800,"Toronto","Ontario","Canada","Americas"
100,"Steven","King","Steven King",24000,90,"Executive",1700,"Seattle","Washington","United States of America","Americas"
101,"Neena","Yang","Neena Yang",17000,90,"Executive",1700,"Seattle","Washington","United States of America","Americas"
102,"Lex","Garcia","Lex Garcia",17000,90,"Executive",1700,"Seattle","Washington","United States of America","Americas"
205,"Shelley","Higgins","Shelley Higgins",12008,110,"Accounting",1700,"Seattle","Washington","United States of America","Americas"
108,"Nancy","Gruenberg","Nancy Gruenberg",12008,100,"Finance",1700,"Seattle","Washington","United States of America","Americas"
114,"Den","Li","Den Li",11000,30,"Purchasing",1700,"Seattle","Washington","United States of America","Americas"
109,"Daniel","Faviet","Daniel Faviet",9000,100,"Finance",1700,"Seattle","Washington","United States of America","Americas"
206,"William","Gietz","William Gietz",8300,110,"Accounting",1700,"Seattle","Washington","United States of America","Americas"
110,"John","Chen","John Chen",8200,100,"Finance",1700,"Seattle","Washington","United States of America","Americas"
112,"Jose Manuel","Urman","Jose Manuel Urman",7800,100,"Finance",1700,"Seattle","Washington","United States of America","Americas"
111,"Ismael","Sciarra","Ismael Sciarra",7700,100,"Finance",1700,"Seattle","Washington","United States of America","Americas"
113,"Luis","Popp","Luis Popp",6900,100,"Finance",1700,"Seattle","Washington","United States of America","Americas"
200,"Jennifer","Whalen","Jennifer Whalen",4400,10,"Administration",1700,"Seattle","Washington","United States of America","Americas"
115,"Alexander","Khoo","Alexander Khoo",3100,30,"Purchasing",1700,"Seattle","Washington","United States of America","Americas"
116,"Shelli","Baida","Shelli Baida",2900,30,"Purchasing",1700,"Seattle","Washington","United States of America","Americas"
117,"Sigal","Tobias","Sigal Tobias",2800,30,"Purchasing",1700,"Seattle","Washington","United States of America","Americas"
118,"Guy","Himuro","Guy Himuro",2600,30,"Purchasing",1700,"Seattle","Washington","United States of America","Americas"
119,"Karen","Colmenares","Karen Colmenares",2500,30,"Purchasing",1700,"Seattle","Washington","United States of America","Americas"
121,"Adam","Fripp","Adam Fripp",8200,50,"Shipping",1500,"South San Francisco","California","United States of America","Americas"
120,"Matthew","Weiss","Matthew Weiss",8000,50,"Shipping",1500,"South San Francisco","California","United States of America","Americas"
122,"Payam","Kaufling","Payam Kaufling",7900,50,"Shipping",1500,"South San Francisco","California","United States of America","Americas"
123,"Shanta","Vollman","Shanta Vollman",6500,50,"Shipping",1500,"South San Francisco","California","United States of America","Americas"
124,"Kevin","Mourgos","Kevin Mourgos",5800,50,"Shipping",1500,"South San Francisco","California","United States of America","Americas"
184,"Nandita","Sarchand","Nandita Sarchand",4200,50,"Shipping",1500,"South San Francisco","California","United States of America","Americas"
185,"Alexis","Bull","Alexis Bull",4100,50,"Shipping",1500,"South San Francisco","California","United States of America","Americas"
192,"Sarah","Bell","Sarah Bell",4000,50,"Shipping",1500,"South San Francisco","California","United States of America","Americas"
193,"Britney","Everett","Britney Everett",3900,50,"Shipping",1500,"South San Francisco","California","United States of America","Americas"
188,"Kelly","Chung","Kelly Chung",3800,50,"Shipping",1500,"South San Francisco","California","United States of America","Americas"
189,"Jennifer","Dilly","Jennifer Dilly",3600,50,"Shipping",1500,"South San Francisco","California","United States of America","Americas"
137,"Renske","Ladwig","Renske Ladwig",3600,50,"Shipping",1500,"South San Francisco","California","United States of America","Americas"
141,"Trenna","Rajs","Trenna Rajs",3500,50,"Shipping",1500,"South San Francisco","California","United States of America","Americas"
186,"Julia","Dellinger","Julia Dellinger",3400,50,"Shipping",1500,"South San Francisco","California","United States of America","Americas"
133,"Jason","Mallin","Jason Mallin",3300,50,"Shipping",1500,"South San Francisco","California","United States of America","Americas"
129,"Laura","Bissot","Laura Bissot",3300,50,"Shipping",1500,"South San Francisco","California","United States of America","Americas"
194,"Samuel","McLeod","Samuel McLeod",3200,50,"Shipping",1500,"South San Francisco","California","United States of America","Americas"
125,"Julia","Nayer","Julia Nayer",3200,50,"Shipping",1500,"South San Francisco","California","United States of America","Americas"
138,"Stephen","Stiles","Stephen Stiles",3200,50,"Shipping",1500,"South San Francisco","California","United States of America","Americas"
180,"Winston","Taylor","Winston Taylor",3200,50,"Shipping",1500,"South San Francisco","California","United States of America","Americas"
181,"Jean","Fleaur","Jean Fleaur",3100,50,"Shipping",1500,"South San Francisco","California","United States of America","Americas"
142,"Curtis","Davies","Curtis Davies",3100,50,"Shipping",1500,"South San Francisco","California","United States of America","Americas"
196,"Alana","Walsh","Alana Walsh",3100,50,"Shipping",1500,"South San Francisco","California","United States of America","Americas"
187,"Anthony","Cabrio","Anthony Cabrio",3000,50,"Shipping",1500,"South San Francisco","California","United States of America","Americas"
197,"Kevin","Feeney","Kevin Feeney",3000,50,"Shipping",1500,"South San Francisco","California","United States of America","Americas"
190,"Timothy","Venzl","Timothy Venzl",2900,50,"Shipping",1500,"South San Francisco","California","United States of America","Americas"
134,"Michael","Rogers","Michael Rogers",2900,50,"Shipping",1500,"South San Francisco","California","United States of America","Americas"
183,"Girard","Geoni","Girard Geoni",2800,50,"Shipping",1500,"South San Francisco","California","United States of America","Americas"
195,"Vance","Jones","Vance Jones",2800,50,"Shipping",1500,"South San Francisco","California","United States of America","Americas"
130,"Mozhe","Atkinson","Mozhe Atkinson",2800,50,"Shipping",1500,"South San Francisco","California","United States of America","Americas"
139,"John","Seo","John Seo",2700,50,"Shipping",1500,"South San Francisco","California","United States of America","Americas"
126,"Irene","Mikkilineni","Irene Mikkilineni",2700,50,"Shipping",1500,"South San Francisco","California","United States of America","Americas"
143,"Randall","Matos","Randall Matos",2600,50,"Shipping",1500,"South San Francisco","California","United States of America","Americas"
198,"Donald","OConnell","Donald OConnell",2600,50,"Shipping",1500,"South San Francisco","California","United States of America","Americas"
199,"Douglas","Grant","Douglas Grant",2600,50,"Shipping",1500,"South San Francisco","California","United States of America","Americas"
140,"Joshua","Patel","Joshua Patel",2500,50,"Shipping",1500,"South San Francisco","California","United States of America","Americas"
131,"James","Marlow","James Marlow",2500,50,"Shipping",1500,"South San Francisco","California","United States of America","Americas"
182,"Martha","Sullivan","Martha Sullivan",2500,50,"Shipping",1500,"South San Francisco","California","United States of America","Americas"
191,"Randall","Perkins","Randall Perkins",2500,50,"Shipping",1500,"South San Francisco","California","United States of America","Americas"
144,"Peter","Vargas","Peter Vargas",2500,50,"Shipping",1500,"South San Francisco","California","United States of America","Americas"
127,"James","Landry","James Landry",2400,50,"Shipping",1500,"South San Francisco","California","United States of America","Americas"
135,"Ki","Gee","Ki Gee",2400,50,"Shipping",1500,"South San Francisco","California","United States of America","Americas"
128,"Steven","Markle","Steven Markle",2200,50,"Shipping",1500,"South San Francisco","California","United States of America","Americas"
136,"Hazel","Philtanker","Hazel Philtanker",2200,50,"Shipping",1500,"South San Francisco","California","United States of America","Americas"
132,"TJ","Olson","TJ Olson",2100,50,"Shipping",1500,"South San Francisco","California","United States of America","Americas"
103,"Alexander","James","Alexander James",9000,60,"IT",1400,"Southlake","Texas","United States of America","Americas"
104,"Bruce","Miller","Bruce Miller",6000,60,"IT",1400,"Southlake","Texas","United States of America","Americas"
105,"David","Williams","David Williams",4800,60,"IT",1400,"Southlake","Texas","United States of America","Americas"
106,"Valli","Jackson","Valli Jackson",4800,60,"IT",1400,"Southlake","Texas","United States of America","Americas"
107,"Diana","Nguyen","Diana Nguyen",4200,60,"IT",1400,"Southlake","Texas","United States of America","Americas"
204,"Hermann","Brown","Hermann Brown",10000,70,"Public Relations",2700,"Munich","Bavaria","Germany","Europe"
203,"Susan","Jacobs","Susan Jacobs",6500,40,"Human Resources",2400,"London",,"United Kingdom of Great Britain and Northern Ireland","Europe"
145,"John","Singh","John Singh",14000,80,"Sales",2500,"Oxford","Oxford","United Kingdom of Great Britain and Northern Ireland","Europe"
146,"Karen","Partners","Karen Partners",13500,80,"Sales",2500,"Oxford","Oxford","United Kingdom of Great Britain and Northern Ireland","Europe"
147,"Alberto","Errazuriz","Alberto Errazuriz",12000,80,"Sales",2500,"Oxford","Oxford","United Kingdom of Great Britain and Northern Ireland","Europe"
168,"Lisa","Ozer","Lisa Ozer",11500,80,"Sales",2500,"Oxford","Oxford","United Kingdom of Great Britain and Northern Ireland","Europe"
174,"Ellen","Abel","Ellen Abel",11000,80,"Sales",2500,"Oxford","Oxford","United Kingdom of Great Britain and Northern Ireland","Europe"
148,"Gerald","Cambrault","Gerald Cambrault",11000,80,"Sales",2500,"Oxford","Oxford","United Kingdom of Great Britain and Northern Ireland","Europe"
162,"Clara","Vishney","Clara Vishney",10500,80,"Sales",2500,"Oxford","Oxford","United Kingdom of Great Britain and Northern Ireland","Europe"
149,"Eleni","Zlotkey","Eleni Zlotkey",10500,80,"Sales",2500,"Oxford","Oxford","United Kingdom of Great Britain and Northern Ireland","Europe"
156,"Janette","King","Janette King",10000,80,"Sales",2500,"Oxford","Oxford","United Kingdom of Great Britain and Northern Ireland","Europe"
169,"Harrison","Bloom","Harrison Bloom",10000,80,"Sales",2500,"Oxford","Oxford","United Kingdom of Great Britain and Northern Ireland","Europe"
150,"Sean","Tucker","Sean Tucker",10000,80,"Sales",2500,"Oxford","Oxford","United Kingdom of Great Britain and Northern Ireland","Europe"
170,"Tayler","Fox","Tayler Fox",9600,80,"Sales",2500,"Oxford","Oxford","United Kingdom of Great Britain and Northern Ireland","Europe"
163,"Danielle","Greene","Danielle Greene",9500,80,"Sales",2500,"Oxford","Oxford","United Kingdom of Great Britain and Northern Ireland","Europe"
151,"David","Bernstein","David Bernstein",9500,80,"Sales",2500,"Oxford","Oxford","United Kingdom of Great Britain and Northern Ireland","Europe"
157,"Patrick","Sully","Patrick Sully",9500,80,"Sales",2500,"Oxford","Oxford","United Kingdom of Great Britain and Northern Ireland","Europe"
158,"Allan","McEwen","Allan McEwen",9000,80,"Sales",2500,"Oxford","Oxford","United Kingdom of Great Britain and Northern Ireland","Europe"
152,"Peter","Hall","Peter Hall",9000,80,"Sales",2500,"Oxford","Oxford","United Kingdom of Great Britain and Northern Ireland","Europe"
175,"Alyssa","Hutton","Alyssa Hutton",8800,80,"Sales",2500,"Oxford","Oxford","United Kingdom of Great Britain and Northern Ireland","Europe"
176,"Jonathon","Taylor","Jonathon Taylor",8600,80,"Sales",2500,"Oxford","Oxford","United Kingdom of Great Britain and Northern Ireland","Europe"
177,"Jack","Livingston","Jack Livingston",8400,80,"Sales",2500,"Oxford","Oxford","United Kingdom of Great Britain and Northern Ireland","Europe"
153,"Christopher","Olsen","Christopher Olsen",8000,80,"Sales",2500,"Oxford","Oxford","United Kingdom of Great Britain and Northern Ireland","Europe"
159,"Lindsey","Smith","Lindsey Smith",8000,80,"Sales",2500,"Oxford","Oxford","United Kingdom of Great Britain and Northern Ireland","Europe"
154,"Nanette","Cambrault","Nanette Cambrault",7500,80,"Sales",2500,"Oxford","Oxford","United Kingdom of Great Britain and Northern Ireland","Europe"
160,"Louise","Doran","Louise Doran",7500,80,"Sales",2500,"Oxford","Oxford","United Kingdom of Great Britain and Northern Ireland","Europe"
171,"William","Smith","William Smith",7400,80,"Sales",2500,"Oxford","Oxford","United Kingdom of Great Britain and Northern Ireland","Europe"
172,"Elizabeth","Bates","Elizabeth Bates",7300,80,"Sales",2500,"Oxford","Oxford","United Kingdom of Great Britain and Northern Ireland","Europe"
164,"Mattea","Marvins","Mattea Marvins",7200,80,"Sales",2500,"Oxford","Oxford","United Kingdom of Great Britain and Northern Ireland","Europe"
155,"Oliver","Tuvault","Oliver Tuvault",7000,80,"Sales",2500,"Oxford","Oxford","United Kingdom of Great Britain and Northern Ireland","Europe"
161,"Sarath","Sewall","Sarath Sewall",7000,80,"Sales",2500,"Oxford","Oxford","United Kingdom of Great Britain and Northern Ireland","Europe"
165,"David","Lee","David Lee",6800,80,"Sales",2500,"Oxford","Oxford","United Kingdom of Great Britain and Northern Ireland","Europe"
166,"Sundar","Ande","Sundar Ande",6400,80,"Sales",2500,"Oxford","Oxford","United Kingdom of Great Britain and Northern Ireland","Europe"
179,"Charles","Johnson","Charles Johnson",6200,80,"Sales",2500,"Oxford","Oxford","United Kingdom of Great Britain and Northern Ireland","Europe"
167,"Amit","Banda","Amit Banda",6200,80,"Sales",2500,"Oxford","Oxford","United Kingdom of Great Britain and Northern Ireland","Europe"
173,"Sundita","Kumar","Sundita Kumar",6100,80,"Sales",2500,"Oxford","Oxford","United Kingdom of Great Britain and Northern Ireland","Europe"
